URL,Last crawled
https://veogrowth.com/,2026-01-03
http://www.veogrowth.com/,2025-12-29
http://veogrowth.com/,2025-12-26
https://www.veogrowth.com/blog/8,2025-11-27
https://veogrowth.com/blog/7,2025-11-27
https://www.veogrowth.com/blog/7,2025-11-27
https://www.veogrowth.com/blog/1,2025-11-24
https://veogrowth.com/blog/4,2025-11-16
https://www.veogrowth.com/blog/4,2025-11-16
https://veogrowth.com/blog/5,2025-11-11
https://www.veogrowth.com/blog/5,2025-11-11
https://veogrowth.com/blog,2025-10-18
https://veogrowth.com/blog/2,2025-09-29
https://www.veogrowth.com/blog/2,2025-09-29
https://veogrowth.com/blog/8,2025-08-15
https://veogrowth.com/case-studies,2025-07-16
https://veogrowth.com/case-studies/podcast-whales-25-meetings-6-clients,2025-06-22
https://veogrowth.com/blog/cold-email-campaign-that-actually-works,2025-06-21
https://veogrowth.com/blog/competitor-lookalike-insights-using-public-data,2025-06-21
https://veogrowth.com/blog/3,2025-06-20
https://www.veogrowth.com/blog/3,2025-06-20
https://veogrowth.com/blog/1,2025-06-20
https://veogrowth.com/blog/poke-the-bear-questions-that-get-replies,2025-06-19